id,identifier,generation_id,type_id,power,maxPP,accuracy,priority,target_id,damage_class,effect_id,effect_chance
1,Pound,1,1,40,35,100,0,10,physical,1,
2,Karate Chop,1,2,50,25,100,0,10,physical,44,
3,Double Slap,1,1,15,10,85,0,10,physical,30,
4,Comet Punch,1,1,18,15,85,0,10,physical,30,
5,Mega Punch,1,1,80,20,85,0,10,physical,1,
6,Pay Day,1,1,40,20,100,0,10,physical,35,
7,Fire Punch,1,10,75,15,100,0,10,physical,5,10
8,Ice Punch,1,15,75,15,100,0,10,physical,6,10
9,Thunder Punch,1,13,75,15,100,0,10,physical,7,10
10,Scratch,1,1,40,35,100,0,10,physical,1,
11,Vice Grip,1,1,55,30,100,0,10,physical,1,
12,Guillotine,1,1,,5,30,0,10,physical,39,
13,Razor Wind,1,1,80,10,100,0,11,special,40,
14,Swords Dance,1,1,,20,,0,7,status,51,
15,Cut,1,1,50,30,95,0,10,physical,1,
16,Gust,1,3,40,35,100,0,10,special,150,
17,Wing Attack,1,3,60,35,100,0,10,physical,1,
18,Whirlwind,1,1,,20,,-6,10,status,29,
19,Fly,1,3,90,15,95,0,10,physical,156,
20,Bind,1,1,15,20,85,0,10,physical,43,100
21,Slam,1,1,80,20,75,0,10,physical,1,
22,Vine Whip,1,12,45,25,100,0,10,physical,1,
23,Stomp,1,1,65,20,100,0,10,physical,151,30
24,Double Kick,1,2,30,30,100,0,10,physical,45,
25,Mega Kick,1,1,120,5,75,0,10,physical,1,
26,Jump Kick,1,2,100,10,95,0,10,physical,46,
27,Rolling Kick,1,2,60,15,85,0,10,physical,32,30
28,Sand Attack,1,5,,15,100,0,10,status,24,
29,Headbutt,1,1,70,15,100,0,10,physical,32,30
30,Horn Attack,1,1,65,25,100,0,10,physical,1,
31,Fury Attack,1,1,15,20,85,0,10,physical,30,
32,Horn Drill,1,1,,5,30,0,10,physical,39,
33,Tackle,1,1,50,35,100,0,10,physical,1,
34,Body Slam,1,1,85,15,100,0,10,physical,7,30
35,Wrap,1,1,15,20,90,0,10,physical,43,100
36,Take Down,1,1,90,20,85,0,10,physical,49,
37,Thrash,1,1,120,10,100,0,8,physical,28,
38,Double Edge,1,1,120,15,100,0,10,physical,199,
39,Tail Whip,1,1,,30,100,0,11,status,20,
40,Poison Sting,1,4,15,35,100,0,10,physical,3,30
41,Twineedle,1,7,25,20,100,0,10,physical,78,20
42,Pin Missile,1,7,25,20,95,0,10,physical,30,
43,Leer,1,1,,30,100,0,11,status,20,100
44,Bite,1,17,60,25,100,0,10,physical,32,30
45,Growl,1,1,,40,100,0,11,status,19,
46,Roar,1,1,,20,,-6,10,status,29,
47,Sing,1,1,,15,55,0,10,status,2,
48,Supersonic,1,1,,20,55,0,10,status,50,
49,Sonic Boom,1,1,,20,90,0,10,special,131,
50,Disable,1,1,,20,100,0,10,status,87,
51,Acid,1,4,40,30,100,0,11,special,73,10
52,Ember,1,10,40,25,100,0,10,special,5,10
53,Flamethrower,1,10,90,15,100,0,10,special,5,10
54,Mist,1,15,,30,,0,4,status,47,
55,Water Gun,1,11,40,25,100,0,10,special,1,
56,Hydro Pump,1,11,110,5,80,0,10,special,1,
57,Surf,1,11,90,15,100,0,9,special,258,
58,Ice Beam,1,15,90,10,100,0,10,special,6,10
59,Blizzard,1,15,110,5,70,0,11,special,261,10
60,Psybeam,1,14,65,20,100,0,10,special,77,10
61,Bubble Beam,1,11,65,20,100,0,10,special,71,10
62,Aurora Beam,1,15,65,20,100,0,10,special,69,10
63,Hyper Beam,1,1,150,5,90,0,10,special,81,
64,Peck,1,3,35,35,100,0,10,physical,1,
65,Drill Peck,1,3,80,20,100,0,10,physical,1,
66,Submission,1,2,80,20,80,0,10,physical,49,
67,Low Kick,1,2,,20,100,0,10,physical,197,
68,Counter,1,2,,20,100,-5,1,physical,90,
69,Seismic Toss,1,2,,20,100,0,10,physical,88,
70,Strength,1,1,80,15,100,0,10,physical,1,
71,Absorb,1,12,20,25,100,0,10,special,4,
72,Mega Drain,1,12,40,15,100,0,10,special,4,
73,Leech Seed,1,12,,10,90,0,10,status,85,
74,Growth,1,1,,20,,0,7,status,317,
75,Razor Leaf,1,12,55,25,95,0,11,physical,44,
76,Solar Beam,1,12,120,10,100,0,10,special,152,
77,Poison Powder,1,4,,35,75,0,10,status,67,
78,Stun Spore,1,12,,30,75,0,10,status,68,
79,Sleep Powder,1,12,,15,75,0,10,status,2,
80,Petal Dance,1,12,120,10,100,0,8,special,28,
81,String Shot,1,7,,40,95,0,11,status,21,
82,Dragon Rage,1,16,,10,100,0,10,special,42,
83,Fire Spin,1,10,35,15,85,0,10,special,43,100
84,Thunder Shock,1,13,40,30,100,0,10,special,7,10
85,Thunderbolt,1,13,90,15,100,0,10,special,7,10
86,Thunder Wave,1,13,,20,100,0,10,status,68,
87,Thunder,1,13,110,10,70,0,10,special,153,30
88,Rock Throw,1,6,50,15,90,0,10,physical,1,
89,Earthquake,1,5,100,10,100,0,9,physical,148,
90,Fissure,1,5,,5,30,0,10,physical,39,
91,Dig,1,5,80,10,100,0,10,physical,257,
92,Toxic,1,4,,10,90,0,10,status,34,
93,Confusion,1,14,50,25,100,0,10,special,77,10
94,Psychic,1,14,90,10,100,0,10,special,73,10
95,Hypnosis,1,14,,20,60,0,10,status,2,
96,Meditate,1,14,,40,,0,7,status,11,
97,Agility,1,14,,30,,0,7,status,53,
98,Quick Attack,1,1,40,30,100,1,10,physical,104,
99,Rage,1,1,20,20,100,0,10,physical,82,
100,Teleport,1,14,,20,,0,7,status,154,
101,Night Shade,1,8,,15,100,0,10,special,88,
102,Mimic,1,1,,10,,0,10,status,83,
103,Screech,1,1,,40,85,0,10,status,60,
104,Double Team,1,1,,15,,0,7,status,17,
105,Recover,1,1,,10,,0,7,status,33,
106,Harden,1,1,,30,,0,7,status,12,
107,Minimize,1,1,,10,,0,7,status,109,
108,Smokescreen,1,1,,20,100,0,10,status,24,
109,Confuse Ray,1,8,,10,100,0,10,status,50,
110,Withdraw,1,11,,40,,0,7,status,12,
111,Defense Curl,1,1,,40,,0,7,status,157,
112,Barrier,1,14,,20,,0,7,status,52,
113,Light Screen,1,14,,30,,0,4,status,36,
114,Haze,1,15,,30,,0,12,status,26,
115,Reflect,1,14,,20,,0,4,status,66,
116,Focus Energy,1,1,,30,,0,7,status,48,
117,Bide,1,1,,10,,1,7,physical,27,
118,Metronome,1,1,,10,,0,7,status,84,
119,Mirror Move,1,3,,20,,0,10,status,10,
120,Self Destruct,1,1,200,5,100,0,9,physical,8,
121,Egg Bomb,1,1,100,10,75,0,10,physical,1,
122,Lick,1,8,30,30,100,0,10,physical,7,30
123,Smog,1,4,30,20,70,0,10,special,3,40
124,Sludge,1,4,65,20,100,0,10,special,3,30
125,Bone Club,1,5,65,20,85,0,10,physical,32,10
126,Fire Blast,1,10,110,5,85,0,10,special,5,10
127,Waterfall,1,11,80,15,100,0,10,physical,32,20
128,Clamp,1,11,35,15,85,0,10,physical,43,100
129,Swift,1,1,60,20,,0,11,special,18,
130,Skull Bash,1,1,130,10,100,0,10,physical,146,100
131,Spike Cannon,1,1,20,15,100,0,10,physical,30,
132,Constrict,1,1,10,35,100,0,10,physical,71,10
133,Amnesia,1,14,,20,,0,7,status,55,
134,Kinesis,1,14,,15,80,0,10,status,24,
135,Soft Boiled,1,1,,10,,0,7,status,33,
136,High Jump Kick,1,2,130,10,90,0,10,physical,46,
137,Glare,1,1,,30,100,0,10,status,68,
138,Dream Eater,1,14,100,15,100,0,10,special,9,
139,Poison Gas,1,4,,40,90,0,11,status,67,
140,Barrage,1,1,15,20,85,0,10,physical,30,
141,Leech Life,1,7,20,15,100,0,10,physical,4,
142,Lovely Kiss,1,1,,10,75,0,10,status,2,
143,Sky Attack,1,3,140,5,90,0,10,physical,76,30
144,Transform,1,1,,10,,0,10,status,58,
145,Bubble,1,11,40,30,100,0,11,special,71,10
146,Dizzy Punch,1,1,70,10,100,0,10,physical,77,20
147,Spore,1,12,,15,100,0,10,status,2,
148,Flash,1,1,,20,100,0,10,status,24,
149,Psywave,1,14,,15,100,0,10,special,89,
150,Splash,1,1,,40,,0,7,status,86,
151,Acid Armor,1,4,,20,,0,7,status,52,
152,Crabhammer,1,11,100,10,90,0,10,physical,44,
153,Explosion,1,1,250,5,100,0,9,physical,8,
154,Fury Swipes,1,1,18,15,80,0,10,physical,30,
155,Bonemerang,1,5,50,10,90,0,10,physical,45,
156,Rest,1,14,,10,,0,7,status,38,
157,Rock Slide,1,6,75,10,90,0,11,physical,32,30
158,Hyper Fang,1,1,80,15,90,0,10,physical,32,10
159,Sharpen,1,1,,30,,0,7,status,11,
160,Conversion,1,1,,30,,0,7,status,31,
161,Tri Attack,1,1,80,10,100,0,10,special,37,20
162,Super Fang,1,1,,10,90,0,10,physical,41,
163,Slash,1,1,70,20,100,0,10,physical,44,
164,Substitute,1,1,,10,,0,7,status,80,
165,Struggle,1,1,50,,,0,8,physical,255,
166,Sketch,2,1,,1,,0,10,status,96,
167,Triple Kick,2,2,10,10,90,0,10,physical,105,
168,Thief,2,17,60,25,100,0,10,physical,106,
169,Spider Web,2,7,,10,,0,10,status,107,
170,Mind Reader,2,1,,5,,0,10,status,95,
171,Nightmare,2,8,,15,100,0,10,status,108,
172,Flame Wheel,2,10,60,25,100,0,10,physical,126,10
173,Snore,2,1,50,15,100,0,10,special,93,30
174,Curse,2,8,,10,,0,1,status,110,
175,Flail,2,1,,15,100,0,10,physical,100,
176,Conversion-2,2,1,,30,,0,10,status,94,
177,Aeroblast,2,3,100,5,95,0,10,special,44,
178,Cotton Spore,2,12,,40,100,0,11,status,61,
179,Reversal,2,2,,15,100,0,10,physical,100,
180,Spite,2,8,,10,100,0,10,status,101,
181,Powder Snow,2,15,40,25,100,0,11,special,6,10
182,Protect,2,1,,10,,4,7,status,112,
183,Mach Punch,2,2,40,30,100,1,10,physical,104,
184,Scary Face,2,1,,10,100,0,10,status,61,
185,Feint Attack,2,17,60,20,,0,10,physical,18,
186,Sweet Kiss,2,18,,10,75,0,10,status,50,
187,Belly Drum,2,1,,10,,0,7,status,143,
188,Sludge Bomb,2,4,90,10,100,0,10,special,3,30
189,Mud Slap,2,5,20,10,100,0,10,special,74,100
190,Octazooka,2,11,65,10,85,0,10,special,74,50
191,Spikes,2,5,,20,,0,6,status,113,
192,Zap Cannon,2,13,120,5,50,0,10,special,7,100
193,Foresight,2,1,,40,,0,10,status,114,
194,Destiny Bond,2,8,,5,,0,7,status,99,
195,Perish Song,2,1,,5,,0,14,status,115,
196,Icy Wind,2,15,55,15,95,0,11,special,71,100
197,Detect,2,2,,5,,4,7,status,112,
198,Bone Rush,2,5,25,10,90,0,10,physical,30,
199,Lock On,2,1,,5,,0,10,status,95,
200,Outrage,2,16,120,10,100,0,8,physical,28,
201,Sandstorm,2,6,,10,,0,12,status,116,
202,Giga Drain,2,12,75,10,100,0,10,special,4,
203,Endure,2,1,,10,,4,7,status,117,
204,Charm,2,18,,20,100,0,10,status,59,
205,Rollout,2,6,30,20,90,0,10,physical,118,
206,False Swipe,2,1,40,40,100,0,10,physical,102,
207,Swagger,2,1,,15,90,0,10,status,119,
208,Milk Drink,2,1,,10,,0,7,status,33,
209,Spark,2,13,65,20,100,0,10,physical,7,30
210,Fury Cutter,2,7,40,20,95,0,10,physical,120,
211,Steel Wing,2,9,70,25,90,0,10,physical,139,10
212,Mean Look,2,1,,5,,0,10,status,107,
213,Attract,2,1,,15,100,0,10,status,121,
214,Sleep Talk,2,1,,10,,0,7,status,98,
215,Heal Bell,2,1,,5,,0,13,status,103,
216,Return,2,1,,20,100,0,10,physical,122,
217,Present,2,1,,15,90,0,10,physical,123,
218,Frustration,2,1,,20,100,0,10,physical,124,
219,Safeguard,2,1,,25,,0,4,status,125,
220,Pain Split,2,1,,20,,0,10,status,92,
221,Sacred Fire,2,10,100,5,95,0,10,physical,126,50
222,Magnitude,2,5,,30,100,0,9,physical,127,
223,Dynamic Punch,2,2,100,5,50,0,10,physical,77,100
224,Megahorn,2,7,120,10,85,0,10,physical,1,
225,Dragon Breath,2,16,60,20,100,0,10,special,7,30
226,Baton Pass,2,1,,40,,0,7,status,128,
227,Encore,2,1,,5,100,0,10,status,91,
228,Pursuit,2,17,40,20,100,0,10,physical,129,
229,Rapid Spin,2,1,20,40,100,0,10,physical,130,
230,Sweet Scent,2,1,,20,100,0,11,status,25,
231,Iron Tail,2,9,100,15,75,0,10,physical,70,30
232,Metal Claw,2,9,50,35,95,0,10,physical,140,10
233,Vital Throw,2,2,70,10,,-1,10,physical,79,
234,Morning Sun,2,1,,5,,0,7,status,133,
235,Synthesis,2,12,,5,,0,7,status,133,
236,Moonlight,2,18,,5,,0,7,status,133,
237,Hidden Power,2,1,60,15,100,0,10,special,136,
238,Cross Chop,2,2,100,5,80,0,10,physical,44,
239,Twister,2,16,40,20,100,0,11,special,147,20
240,Rain Dance,2,11,,5,,0,12,status,137,
241,Sunny Day,2,10,,5,,0,12,status,138,
242,Crunch,2,17,80,15,100,0,10,physical,70,20
243,Mirror Coat,2,14,,20,100,-5,1,special,145,
244,Psych Up,2,1,,10,,0,10,status,144,
245,Extreme Speed,2,1,80,5,100,2,10,physical,104,
246,Ancient Power,2,6,60,5,100,0,10,special,141,10
247,Shadow Ball,2,8,80,15,100,0,10,special,73,20
248,Future Sight,2,14,120,10,100,0,10,special,149,
249,Rock Smash,2,2,40,15,100,0,10,physical,70,50
250,Whirlpool,2,11,35,15,85,0,10,special,262,100
251,Beat Up,2,17,,10,100,0,10,physical,155,
252,Fake Out,3,1,40,10,100,3,10,physical,159,100
253,Uproar,3,1,90,10,100,0,8,special,160,
254,Stockpile,3,1,,20,,0,7,status,161,
255,Spit Up,3,1,,10,100,0,10,special,162,
256,Swallow,3,1,,10,,0,7,status,163,
257,Heat Wave,3,10,95,10,90,0,11,special,5,10
258,Hail,3,15,,10,,0,12,status,165,
259,Torment,3,17,,15,100,0,10,status,166,
260,Flatter,3,17,,15,100,0,10,status,167,
261,Will O Wisp,3,10,,15,85,0,10,status,168,
262,Memento,3,17,,10,100,0,10,status,169,
263,Facade,3,1,70,20,100,0,10,physical,170,
264,Focus Punch,3,2,150,20,100,-3,10,physical,171,
265,Smelling Salts,3,1,70,10,100,0,10,physical,172,
266,Follow Me,3,1,,20,,2,7,status,173,
267,Nature Power,3,1,,20,,0,10,status,174,
268,Charge,3,13,,20,,0,7,status,175,
269,Taunt,3,17,,20,100,0,10,status,176,
270,Helping Hand,3,1,,20,,5,3,status,177,
271,Trick,3,14,,10,100,0,10,status,178,
272,Role Play,3,14,,10,,0,10,status,179,
273,Wish,3,1,,10,,0,7,status,180,
274,Assist,3,1,,20,,0,7,status,181,
275,Ingrain,3,12,,20,,0,7,status,182,
276,Superpower,3,2,120,5,100,0,10,physical,183,100
277,Magic Coat,3,14,,15,,4,7,status,184,
278,Recycle,3,1,,10,,0,7,status,185,
279,Revenge,3,2,60,10,100,-4,10,physical,186,
280,Brick Break,3,2,75,15,100,0,10,physical,187,
281,Yawn,3,1,,10,,0,10,status,188,
282,Knock off,3,17,65,20,100,0,10,physical,189,
283,Endeavor,3,1,,5,100,0,10,physical,190,
284,Eruption,3,10,150,5,100,0,11,special,191,
285,Skill Swap,3,14,,10,,0,10,status,192,
286,Imprison,3,14,,10,,0,7,status,193,
287,Refresh,3,1,,20,,0,7,status,194,
288,Grudge,3,8,,5,,0,7,status,195,
289,Snatch,3,17,,10,,4,7,status,196,
290,Secret Power,3,1,70,20,100,0,10,physical,198,30
291,Dive,3,11,80,10,100,0,10,physical,256,
292,Arm Thrust,3,2,15,20,100,0,10,physical,30,
293,Camouflage,3,1,,20,,0,7,status,214,
294,Tail Glow,3,7,,20,,0,7,status,322,
295,Luster Purge,3,14,70,5,100,0,10,special,73,50
296,Mist Ball,3,14,70,5,100,0,10,special,72,50
297,Feather Dance,3,3,,15,100,0,10,status,59,
298,Teeter Dance,3,1,,20,100,0,9,status,200,
299,Blaze Kick,3,10,85,10,90,0,10,physical,201,10
300,Mud Sport,3,5,,15,,0,12,status,202,
301,Ice Ball,3,15,30,20,90,0,10,physical,118,
302,Needle Arm,3,12,60,15,100,0,10,physical,32,30
303,Slack off,3,1,,10,,0,7,status,33,
304,Hyper Voice,3,1,90,10,100,0,11,special,1,
305,Poison Fang,3,4,50,15,100,0,10,physical,203,50
306,Crush Claw,3,1,75,10,95,0,10,physical,70,50
307,Blast Burn,3,10,150,5,90,0,10,special,81,
308,Hydro Cannon,3,11,150,5,90,0,10,special,81,
309,Meteor Mash,3,9,90,10,90,0,10,physical,140,20
310,Astonish,3,8,30,15,100,0,10,physical,32,30
311,Weather Ball,3,1,50,10,100,0,10,special,204,
312,Aromatherapy,3,12,,5,,0,13,status,103,
313,Fake Tears,3,17,,20,100,0,10,status,63,
314,Air Cutter,3,3,60,25,95,0,11,special,44,
315,Overheat,3,10,130,5,90,0,10,special,205,100
316,Odor Sleuth,3,1,,40,,0,10,status,114,
317,Rock Tomb,3,6,60,15,95,0,10,physical,71,100
318,Silver Wind,3,7,60,5,100,0,10,special,141,10
319,Metal Sound,3,9,,40,85,0,10,status,63,
320,Grass Whistle,3,12,,15,55,0,10,status,2,
321,Tickle,3,1,,20,100,0,10,status,206,
322,Cosmic Power,3,14,,20,,0,7,status,207,
323,Water Spout,3,11,150,5,100,0,11,special,191,
324,Signal Beam,3,7,75,15,100,0,10,special,77,10
325,Shadow Punch,3,8,60,20,,0,10,physical,18,
326,Extrasensory,3,14,80,20,100,0,10,special,32,10
327,Sky Uppercut,3,2,85,15,90,0,10,physical,208,
328,Sand Tomb,3,5,35,15,85,0,10,physical,43,100
329,Sheer Cold,3,15,,5,30,0,10,special,39,
330,Muddy Water,3,11,90,10,85,0,11,special,74,30
331,Bullet Seed,3,12,25,30,100,0,10,physical,30,
332,Aerial Ace,3,3,60,20,,0,10,physical,18,
333,Icicle Spear,3,15,25,30,100,0,10,physical,30,
334,Iron Defense,3,9,,15,,0,7,status,52,
335,Block,3,1,,5,,0,10,status,107,
336,Howl,3,1,,40,,0,7,status,11,
337,Dragon Claw,3,16,80,15,100,0,10,physical,1,
338,Frenzy Plant,3,12,150,5,90,0,10,special,81,
339,Bulk Up,3,2,,20,,0,7,status,209,
340,Bounce,3,3,85,5,85,0,10,physical,264,30
341,Mud Shot,3,5,55,15,95,0,10,special,71,100
342,Poison Tail,3,4,50,25,100,0,10,physical,210,10
343,Covet,3,1,60,25,100,0,10,physical,106,
344,Volt Tackle,3,13,120,15,100,0,10,physical,263,10
345,Magical Leaf,3,12,60,20,,0,10,special,18,
346,Water Sport,3,11,,15,,0,12,status,211,
347,Calm Mind,3,14,,20,,0,7,status,212,
348,Leaf Blade,3,12,90,15,100,0,10,physical,44,
349,Dragon Dance,3,16,,20,,0,7,status,213,
350,Rock Blast,3,6,25,10,90,0,10,physical,30,
351,Shock Wave,3,13,60,20,,0,10,special,18,
352,Water Pulse,3,11,60,20,100,0,10,special,77,20
353,Doom Desire,3,9,140,5,100,0,10,special,149,
354,Psycho Boost,3,14,140,5,90,0,10,special,205,100
355,Roost,4,3,,10,,0,7,status,215,
356,Gravity,4,14,,5,,0,12,status,216,
357,Miracle Eye,4,14,,40,,0,10,status,217,
358,Wake Up Slap,4,2,70,10,100,0,10,physical,218,
359,Hammer Arm,4,2,100,10,90,0,10,physical,219,100
360,Gyro Ball,4,9,,5,100,0,10,physical,220,
361,Healing Wish,4,14,,10,,0,7,status,221,
362,Brine,4,11,65,10,100,0,10,special,222,
363,Natural Gift,4,1,,15,100,0,10,physical,223,
364,Feint,4,1,30,10,100,2,10,physical,224,
365,Pluck,4,3,60,20,100,0,10,physical,225,
366,Tailwind,4,3,,15,,0,4,status,226,
367,Acupressure,4,1,,30,,0,5,status,227,
368,Metal Burst,4,9,,10,100,0,1,physical,228,
369,U Turn,4,7,70,20,100,0,10,physical,229,
370,Close Combat,4,2,120,5,100,0,10,physical,230,100
371,Payback,4,17,50,10,100,0,10,physical,231,
372,Assurance,4,17,60,10,100,0,10,physical,232,
373,Embargo,4,17,,15,100,0,10,status,233,
374,Fling,4,17,,10,100,0,10,physical,234,
375,Psycho Shift,4,14,,10,100,0,10,status,235,
376,Trump Card,4,1,,5,,0,10,special,236,
377,Heal Block,4,14,,15,100,0,11,status,237,
378,Wring Out,4,1,,5,100,0,10,special,238,
379,Power Trick,4,14,,10,,0,7,status,239,
380,Gastro Acid,4,4,,10,100,0,10,status,240,
381,Lucky Chant,4,1,,30,,0,4,status,241,
382,Me First,4,1,,20,,0,2,status,242,
383,Copycat,4,1,,20,,0,7,status,243,
384,Power Swap,4,14,,10,,0,10,status,244,
385,Guard Swap,4,14,,10,,0,10,status,245,
386,Punishment,4,17,,5,100,0,10,physical,246,
387,Last Resort,4,1,140,5,100,0,10,physical,247,
388,Worry Seed,4,12,,10,100,0,10,status,248,
389,Sucker Punch,4,17,80,5,100,1,10,physical,249,
390,Toxic Spikes,4,4,,20,,0,6,status,250,
391,Heart Swap,4,14,,10,,0,10,status,251,
392,Aqua Ring,4,11,,20,,0,7,status,252,
393,Magnet Rise,4,13,,10,,0,7,status,253,
394,Flare Blitz,4,10,120,15,100,0,10,physical,254,10
395,Force Palm,4,2,60,10,100,0,10,physical,7,30
396,Aura Sphere,4,2,80,20,,0,10,special,18,
397,Rock Polish,4,6,,20,,0,7,status,53,
398,Poison Jab,4,4,80,20,100,0,10,physical,3,30
399,Dark Pulse,4,17,80,15,100,0,10,special,32,20
400,Night Slash,4,17,70,15,100,0,10,physical,44,
401,Aqua Tail,4,11,90,10,90,0,10,physical,1,
402,Seed Bomb,4,12,80,15,100,0,10,physical,1,
403,Air Slash,4,3,75,15,95,0,10,special,32,30
404,X Scissor,4,7,80,15,100,0,10,physical,1,
405,Bug Buzz,4,7,90,10,100,0,10,special,73,10
406,Dragon Pulse,4,16,85,10,100,0,10,special,1,
407,Dragon Rush,4,16,100,10,75,0,10,physical,32,20
408,Power Gem,4,6,80,20,100,0,10,special,1,
409,Drain Punch,4,2,75,10,100,0,10,physical,4,
410,Vacuum Wave,4,2,40,30,100,1,10,special,104,
411,Focus Blast,4,2,120,5,70,0,10,special,73,10
412,Energy Ball,4,12,90,10,100,0,10,special,73,10
413,Brave Bird,4,3,120,15,100,0,10,physical,199,
414,Earth Power,4,5,90,10,100,0,10,special,73,10
415,Switcheroo,4,17,,10,100,0,10,status,178,
416,Giga Impact,4,1,150,5,90,0,10,physical,81,
417,Nasty Plot,4,17,,20,,0,7,status,54,
418,Bullet Punch,4,9,40,30,100,1,10,physical,104,
419,Avalanche,4,15,60,10,100,-4,10,physical,186,
420,Ice Shard,4,15,40,30,100,1,10,physical,104,
421,Shadow Claw,4,8,70,15,100,0,10,physical,44,
422,Thunder Fang,4,13,65,15,95,0,10,physical,276,10
423,Ice Fang,4,15,65,15,95,0,10,physical,275,10
424,Fire Fang,4,10,65,15,95,0,10,physical,274,10
425,Shadow Sneak,4,8,40,30,100,1,10,physical,104,
426,Mud Bomb,4,5,65,10,85,0,10,special,74,30
427,Psycho Cut,4,14,70,20,100,0,10,physical,44,
428,Zen Headbutt,4,14,80,15,90,0,10,physical,32,20
429,Mirror Shot,4,9,65,10,85,0,10,special,74,30
430,Flash Cannon,4,9,80,10,100,0,10,special,73,10
431,Rock Climb,4,1,90,20,85,0,10,physical,77,20
432,Defog,4,3,,15,,0,10,status,259,
433,Trick Room,4,14,,5,,-7,12,status,260,
434,Draco Meteor,4,16,130,5,90,0,10,special,205,100
435,Discharge,4,13,80,15,100,0,9,special,7,30
436,Lava Plume,4,10,80,15,100,0,9,special,5,30
437,Leaf Storm,4,12,130,5,90,0,10,special,205,100
438,Power Whip,4,12,120,10,85,0,10,physical,1,
439,Rock Wrecker,4,6,150,5,90,0,10,physical,81,
440,Cross Poison,4,4,70,20,100,0,10,physical,210,10
441,Gunk Shot,4,4,120,5,80,0,10,physical,3,30
442,Iron Head,4,9,80,15,100,0,10,physical,32,30
443,Magnet Bomb,4,9,60,20,,0,10,physical,18,
444,Stone Edge,4,6,100,5,80,0,10,physical,44,
445,Captivate,4,1,,20,100,0,11,status,266,
446,Stealth Rock,4,6,,20,,0,6,status,267,
447,Grass Knot,4,12,,20,100,0,10,special,197,
448,Chatter,4,3,65,20,100,0,10,special,268,100
449,Judgment,4,1,100,10,100,0,10,special,269,
450,Bug Bite,4,7,60,20,100,0,10,physical,225,
451,Charge Beam,4,13,50,10,90,0,10,special,277,70
452,Wood Hammer,4,12,120,15,100,0,10,physical,199,
453,Aqua Jet,4,11,40,20,100,1,10,physical,104,
454,Attack Order,4,7,90,15,100,0,10,physical,44,
455,Defend Order,4,7,,10,,0,7,status,207,
456,Heal Order,4,7,,10,,0,7,status,33,
457,Head Smash,4,6,150,5,80,0,10,physical,270,
458,Double Hit,4,1,35,10,90,0,10,physical,45,
459,Roar of Time,4,16,150,5,90,0,10,special,81,
460,Spacial Rend,4,16,100,5,95,0,10,special,44,
461,Lunar Dance,4,14,,10,,0,7,status,271,
462,Crush Grip,4,1,,5,100,0,10,physical,238,
463,Magma Storm,4,10,100,5,75,0,10,special,43,100
464,Dark Void,4,17,,10,80,0,11,status,2,
465,Seed Flare,4,12,120,5,85,0,10,special,272,40
466,Ominous Wind,4,8,60,5,100,0,10,special,141,10
467,Shadow Force,4,8,120,5,100,0,10,physical,273,
468,Hone Claws,5,17,,15,,0,7,status,278,
469,Wide Guard,5,6,,10,,3,4,status,279,
470,Guard Split,5,14,,10,,0,10,status,280,
471,Power Split,5,14,,10,,0,10,status,281,
472,Wonder Room,5,14,,10,,0,12,status,282,
473,Psyshock,5,14,80,10,100,0,10,special,283,
474,Venoshock,5,4,65,10,100,0,10,special,284,
475,Autotomize,5,9,,15,,0,7,status,285,
476,Rage Powder,5,7,,20,,2,7,status,173,
477,Telekinesis,5,14,,15,,0,10,status,286,
478,Magic Room,5,14,,10,,0,12,status,287,
479,Smack Down,5,6,50,15,100,0,10,physical,288,100
480,Storm Throw,5,2,60,10,100,0,10,physical,289,
481,Flame Burst,5,10,70,15,100,0,10,special,290,
482,Sludge Wave,5,4,95,10,100,0,9,special,3,10
483,Quiver Dance,5,7,,20,,0,7,status,291,
484,Heavy Slam,5,9,,10,100,0,10,physical,292,
485,Synchronoise,5,14,120,10,100,0,9,special,293,
486,Electro Ball,5,13,,10,100,0,10,special,294,
487,Soak,5,11,,20,100,0,10,status,295,
488,Flame Charge,5,10,50,20,100,0,10,physical,296,100
489,Coil,5,4,,20,,0,7,status,323,
490,Low Sweep,5,2,65,20,100,0,10,physical,21,100
491,Acid Spray,5,4,40,20,100,0,10,special,297,100
492,Foul Play,5,17,95,15,100,0,10,physical,298,
493,Simple Beam,5,1,,15,100,0,10,status,299,
494,Entrainment,5,1,,15,100,0,10,status,300,
495,After You,5,1,,15,,0,10,status,301,
496,Round,5,1,60,15,100,0,10,special,302,
497,Echoed Voice,5,1,40,15,100,0,10,special,303,
498,Chip Away,5,1,70,20,100,0,10,physical,304,
499,Clear Smog,5,4,50,15,,0,10,special,305,
500,Stored Power,5,14,20,10,100,0,10,special,306,
501,Quick Guard,5,2,,15,,3,4,status,307,
502,Ally Switch,5,14,,15,,1,7,status,308,
503,Scald,5,11,80,15,100,0,10,special,5,30
504,Shell Smash,5,1,,15,,0,7,status,309,
505,Heal Pulse,5,14,,10,,0,10,status,310,
506,Hex,5,8,65,10,100,0,10,special,311,
507,Sky Drop,5,3,60,10,100,0,10,physical,312,
508,Shift Gear,5,9,,10,,0,7,status,313,
509,Circle Throw,5,2,60,10,90,-6,10,physical,314,
510,Incinerate,5,10,60,15,100,0,11,special,315,
511,Quash,5,17,,15,100,0,10,status,316,
512,Acrobatics,5,3,55,15,100,0,10,physical,318,
513,Reflect Type,5,1,,15,,0,10,status,319,
514,Retaliate,5,1,70,5,100,0,10,physical,320,
515,Final Gambit,5,2,,5,100,0,10,special,321,
516,Bestow,5,1,,15,,0,10,status,324,
517,Inferno,5,10,100,5,50,0,10,special,5,100
518,Water Pledge,5,11,80,10,100,0,10,special,325,
519,Fire Pledge,5,10,80,10,100,0,10,special,326,
520,Grass Pledge,5,12,80,10,100,0,10,special,327,
521,Volt Switch,5,13,70,20,100,0,10,special,229,
522,Struggle Bug,5,7,50,20,100,0,11,special,72,100
523,Bulldoze,5,5,60,20,100,0,9,physical,71,100
524,Frost Breath,5,15,60,10,90,0,10,special,289,100
525,Dragon Tail,5,16,60,10,90,-6,10,physical,314,
526,Work Up,5,1,,30,,0,7,status,328,
527,Electroweb,5,13,55,15,95,0,11,special,21,100
528,Wild Charge,5,13,90,15,100,0,10,physical,49,
529,Drill Run,5,5,80,10,95,0,10,physical,44,
530,Dual Chop,5,16,40,15,90,0,10,physical,45,
531,Heart Stamp,5,14,60,25,100,0,10,physical,32,30
532,Horn Leech,5,12,75,10,100,0,10,physical,4,
533,Sacred Sword,5,2,90,15,100,0,10,physical,304,
534,Razor Shell,5,11,75,10,95,0,10,physical,70,50
535,Heat Crash,5,10,,10,100,0,10,physical,292,
536,Leaf Tornado,5,12,65,10,90,0,10,special,74,50
537,Steamroller,5,7,65,20,100,0,10,physical,151,30
538,Cotton Guard,5,12,,10,,0,7,status,329,
539,Night Daze,5,17,85,10,95,0,10,special,74,40
540,Psystrike,5,14,100,10,100,0,10,special,283,
541,Tail Slap,5,1,25,10,85,0,10,physical,30,
542,Hurricane,5,3,110,10,70,0,10,special,338,30
543,Head Charge,5,1,120,15,100,0,10,physical,49,
544,Gear Grind,5,9,50,15,85,0,10,physical,45,
545,Searing Shot,5,10,100,5,100,0,9,special,5,30
546,Techno Blast,5,1,120,5,100,0,10,special,269,
547,Relic Song,5,1,75,10,100,0,11,special,330,10
548,Secret Sword,5,2,85,10,100,0,10,special,283,
549,Glaciate,5,15,65,10,95,0,11,special,331,100
550,Bolt Strike,5,13,130,5,85,0,10,physical,7,20
551,Blue Flare,5,10,130,5,85,0,10,special,5,20
552,Fiery Dance,5,10,80,10,100,0,10,special,277,50
553,Freeze Shock,5,15,140,5,90,0,10,physical,332,30
554,Ice Burn,5,15,140,5,90,0,10,special,333,30
555,Snarl,5,17,55,15,95,0,11,special,72,100
556,Icicle Crash,5,15,85,10,90,0,10,physical,32,30
557,V Create,5,10,180,5,95,0,10,physical,335,100
558,Fusion Flare,5,10,100,5,100,0,10,special,336,
559,Fusion Bolt,5,13,100,5,100,0,10,physical,337,
560,Flying Press,6,2,80,10,95,0,10,physical,339,
561,Mat Block,6,2,,10,,0,4,status,340,
562,Belch,6,4,120,10,90,0,10,special,341,
563,Rototiller,6,5,,10,,0,14,status,342,100
564,Sticky Web,6,7,,20,,0,6,status,343,
565,Fell Stinger,6,7,30,25,100,0,10,physical,344,
566,Phantom Force,6,8,90,10,100,0,10,physical,273,
567,Trick or Treat,6,8,,20,100,0,10,status,345,
568,Noble Roar,6,1,,30,100,0,10,status,346,100
569,Ion Deluge,6,13,,25,,1,12,status,347,
570,Parabolic Charge,6,13,50,20,100,0,9,special,348,
571,Forests Curse,6,12,,20,100,0,10,status,349,
572,Petal Blizzard,6,12,90,15,100,0,9,physical,1,
573,Freeze Dry,6,15,70,20,100,0,10,special,350,10
574,Disarming Voice,6,18,40,15,,0,11,special,18,
575,Parting Shot,6,17,,20,100,0,10,status,351,100
576,Topsy Turvy,6,17,,20,,0,10,status,352,
577,Draining Kiss,6,18,50,10,100,0,10,special,353,
578,Crafty Shield,6,18,,10,,3,4,status,354,
579,Flower Shield,6,18,,10,,0,14,status,355,100
580,Grassy Terrain,6,12,,10,,0,12,status,356,
581,Misty Terrain,6,18,,10,,0,12,status,357,
582,Electrify,6,13,,20,,0,10,status,358,
583,Play Rough,6,18,90,10,90,0,10,physical,69,10
584,Fairy Wind,6,18,40,30,100,0,10,special,1,
585,Moonblast,6,18,95,15,100,0,10,special,72,30
586,Boomburst,6,1,140,10,100,0,9,special,1,
587,Fairy Lock,6,18,,10,,0,12,status,359,
588,Kings Shield,6,9,,10,,4,7,status,360,
589,Play Nice,6,1,,20,,0,10,status,19,100
590,Confide,6,1,,20,,0,10,status,361,100
591,Diamond Storm,6,6,100,5,95,0,11,physical,139,50
592,Steam Eruption,6,11,110,5,95,0,10,special,5,30
594,Water Shuriken,6,11,15,20,100,1,10,physical,30,
595,Mystical Fire,6,10,65,10,100,0,10,special,72,100
596,Spiky Shield,6,12,,10,,4,7,status,362,
597,Aromatic Mist,6,18,,20,,0,3,status,363,
598,Eerie Impulse,6,13,,15,100,0,10,status,369,
599,Venom Drench,6,4,,20,100,0,11,status,364,100
600,Powder,6,7,,20,100,1,10,status,365,
601,Geomancy,6,18,,10,,0,7,status,366,
602,Magnetic Flux,6,13,,20,,0,13,status,367,
603,Happy Hour,6,1,,30,,0,4,status,370,
604,Electric Terrain,6,13,,10,,0,12,status,368,
605,Dazzling Gleam,6,18,80,10,100,0,11,special,1,
608,Baby Doll Eyes,6,18,,30,100,1,10,status,19,
609,Nuzzle,6,13,20,20,100,0,10,physical,7,100
610,Hold Back,6,1,40,40,100,0,10,physical,102,
611,Infestation,6,7,20,20,100,0,10,special,43,100
612,Power-up Punch,6,2,40,20,100,0,10,physical,140,100
613,Oblivion Wing,6,3,80,10,100,0,10,special,353,
616,Lands Wrath,6,5,90,10,100,0,11,physical,1,
617,Light of Ruin,6,18,140,5,90,0,10,special,270,
618,Origin Pulse,6,11,110,10,85,0,11,special,1,
619,Precipice Blades,6,5,120,10,85,0,11,physical,1,
620,Dragon Ascent,6,3,120,5,100,0,10,physical,230,
621,Hyperspace Fury,6,17,100,5,,0,10,physical,360,
